Gene symbol,Score,Risk region(chr:start-end),Linked TREs or eQTL (chr:start-end),Implicated risk variant1,Reference of interaction2,Distal gene?
DRD2,1420.9,"chr11:113317745-
113424042","chr11:113344860-
113345010",rs61902807,ENCODE,No
FGFR1,926.8,"chr8:38014429-
38231314","chr8:38081200-
38081350",rs6999796,ENCODE,Yes
,926.8,"chr8:38014429-
38231314","chr8:38226140-
38226290",rs16887343,ENCODE,Yes
MAPK3,915.7,"chr16:29923510-
30018500","chr16:29986080-
29986230",rs10871451,ENCODE,Yes
STAR,822.7,"chr8:38014429-
38231314","chr8:38014320-
38014470",rs75168396,ENCODE,No
CACNA1C,597.1,"chr12:2292690-
2523772","chr12:2368640-
2368790",rs10774035,ENCODE,No
RAD51,481.9,"chr15:40566759-
40602256","chr15:40569820-
40569970",rs28676999,ENCODE,Yes
PRKCD,439.5,"chr3:52638482-
52960859","chr3:52721240-
52721390",rs11177,ENCODE,Yes
,439.5,"chr3:52638482-
52960859","chr3:52744220-
52744370","chr3:52744224-
52744224",ENCODE,Yes
,439.5,"chr3:52638482-
52960859","chr3:52746520-
52746670",rs4687644,ENCODE,Yes
,439.5,"chr3:52638482-
52960859","chr3:52755560-
52755710",rs11130319,ENCODE,Yes
,439.5,"chr3:52638482-
52960859","chr3:52766600-
52766750",rs2268027,ENCODE,Yes
,439.5,"chr3:52638482-
52960859","chr3:52826500-
52826650",rs746694,ENCODE,Yes
,439.5,"chr3:52638482-
52960859","chr3:52864020-
52864170",rs4687554,ENCODE,Yes
,439.5,"chr3:52638482-
52960859","chr3:52870600-
52870750",rs4687663,ENCODE,Yes
SREBF1,388.5,"chr17:17760789-
18036283","chr17:17820860-
17821010","chr17:17820998-
17820998",ENCODE,Yes
,388.5,"chr17:17760789-
18036283","chr17:17847860-
17848010",rs6502624,ENCODE,Yes
OPN1LW,359.6,"chrX:153176959-
153376436","chrX:153241340-
153241490",rs4898374,ENCODE,Yes
CD34,346.3,"chr1:207893266-
208024062","chr1:207919840-
207919990",rs2796264,ENCODE,Yes
,346.3,"chr1:207893266-
208024062","chr1:207992400-
207992550",rs12123251,ENCODE,Yes
,346.3,"chr1:207893266-
208024062","chr1:208017040-
208017190",rs2724394,ENCODE,Yes
MECP2,310.3,"chrX:153176959-
153376436","chrX:153265580-
153265730",rs11795678,ENCODE,No
CYP21A2,299.8,"chr6:31580539-
31732547","chr6:31688080-
31688230",rs116316082,ENCODE,No
FES,286.1,"chr15:91412848-
91429042","chr15:91423500-
91423650",rs6224,ENCODE,No
CHRNB4,269.3,Chr15:78785544-78930510,Chr15:78907320-78907470,rs7177514,ENCODE,No
PPARGC1A,250.8,"chr4:23348610-
23443426","chr4:23355480-
23355630",rs6834404,ENCODE,No
FLNA,246.1,"chrX:153176959-
153376436","chrX:153211620-
153211770",rs762656,ENCODE,Yes
GRIK3,200.3,"chr1:37093026-
37194103","chr1:37162320-
37162470",rs589249,ENCODE,No
,200.3,"chr1:37093026-
37194103","chr1:37164780-
37164930",rs631416,ENCODE,No
EPHX2,192.7,"chr8:27411100-
27453579","chr8:27442080-
27442230",rs73229090,ENCODE,No
,192.7,"chr8:27411100-
27453579","chr8:27453520-
27453670",rs35236974,ENCODE,No
HBEGF,189.8,"chr5:140024042-
140222641","chr5:140024400-
140024550",rs702399,ENCODE,Yes
,189.8,"chr5:140024042-
140222641","chr5:140024400-
140024550",rs60115373,ENCODE,Yes
PAM,188.1,"chr5:101581848-
101871853","chr5:101630860-
101631010",rs841921,ENCODE,Yes
TPR,185,"chr1:186434518-
186711910","chr1:186451940-
186452090",rs3131554,ENCODE,Yes
MCL1,182.2,"chr1:149998923-
150226321","chr1:150152820-
150152970",rs1105209,ENCODE,Yes
,182.2,"chr1:149998923-
150226321","chr1:150194840-
150194990",rs11576997,ENCODE,Yes
TAP1,173,"chr6:32014828-
32609061","chr6:32430480-
32430630",rs114664081,ENCODE,Yes
,173,"chr6:32014828-
32609061","chr6:32430480-
32430630",rs116580588,ENCODE,Yes
NMUR2,167.7,"chr5:151941138-
152847217","chr5:152022020-
152022170",rs17454953,ENCODE,Yes
TIE1,167.5,"chr1:44029353-
44248230","chr1:44083800-
44083950",rs639929,ENCODE,Yes
CCL22,159.4,"chr16:57021433-
57040093","chr16:57040020-
57040170",rs34218679,ENCODE,Yes
NOTCH4,151.4,"chr6:32014828-
32609061","chr6:32154880-
32155030",rs115219661,ENCODE,No
PJA2,145.9,"chr5:109030041-
109209342","chr5:109047260-
109047410",rs13153918,ENCODE,Yes
,145.9,"chr5:109030041-
109209342","chr5:109185320-
109185470",rs12656712,ENCODE,Yes
NISCH,138.6,"chr3:52638482-
52960859","chr3:52833100-
52833250",rs2535629,ENCODE,Yes
ANK3,135.1,"chr10:62040118-
62349324","chr10:62094060-
62094210",rs991405,ENCODE,No
,135.1,"chr10:62040118-
62349324","chr10:62103140-
62103290",rs2061488,ENCODE,No
,135.1,"chr10:62040118-
62349324","chr10:62103140-
62103290",rs2061489,ENCODE,No
,135.1,"chr10:62040118-
62349324","chr10:62103140-
62103290",rs4456215,ENCODE,No
,135.1,"chr10:62040118-
62349324","chr10:62320320-
62320470",rs2068043,ENCODE,No
ADD1,129.7,Chr4:2359807-2404699,Chr4:2392660-2392810,rs9994065,ENCODE,Yes
NEURL,127.1,"chr10:104423800-
105059896","chr10:104786200-
104786350",rs4917992,ENCODE,Yes
,127.1,"chr10:104423800-
105059896","chr10:104837720-
104837870",rs1046411,ENCODE,Yes
,127.1,"chr10:104423800-
105059896","chr10:104856080-
104856230",rs12412038,ENCODE,Yes
,127.1,"chr10:104423800-
105059896","chr10:104877200-
104877350",rs79082900,ENCODE,Yes
,127.1,"chr10:104423800-
105059896","chr10:104945200-
104945350",rs4917997,ENCODE,Yes
,127.1,"chr10:104423800-
105059896","chr10:104947400-
104947550",rs10883843,ENCODE,Yes
,127.1,"chr10:104423800-
105059896","chr10:104949660-
104949810",rs11191600,ENCODE,Yes
,127.1,"chr10:104423800-
105059896","chr10:104949660-
104949810",rs11191601,ENCODE,Yes
,127.1,"chr10:104423800-
105059896","chr10:104951440-
104951590","chr10:104951466-
104951466",ENCODE,Yes
HTR3B,125.1,"chr11:113317745-
113424042","chr11:113317700-
113317850",rs17601612,ENCODE,Yes
,125.1,"chr11:113317745-
113424042","chr11:113318820-
113318970",rs4936272,ENCODE,Yes
HCFC1,122,"chrX:153176959-
153376436","chrX:153214460-
153214610",rs201119463,ENCODE,No
PRMT1,116.7,"chr19:50067508-
50138023","chr19:50091400-
50091550",rs10406941,ENCODE,Yes
HLA-DQB1,114.6,"chr6:32014828-
32609061","chr6:32165300-
32165450",rs115344853,ENCODE,No
,114.6,"chr6:32014828-
32609061","chr6:32603380-
32603530",rs111529210,ENCODE,No
,114.6,"chr6:32014828-
32609061","chr6:32603380-
32603530",rs113008958,ENCODE,No
SV2B,107.8,"chr15:91412848-
91429042","chr15:91419340-
91419490","chr15:91419432-
91419432",ENCODE,Yes
CTNNA1,106,"chr5:137598340-
137948140","chr5:137652180-
137652330",rs11740078,ENCODE,No
AGER,105.8,"chr6:31580539-
31732547","chr6:31692160-
31692310",rs116193838,ENCODE,No
MAPK11,97.4,"chr22:50162136-
50321623","chr22:50244560-
50244710",rs3788730,ENCODE,Yes
,97.4,"chr22:50162136-
50321623","chr22:50319900-
50320050",rs10854860,ENCODE,Yes
RANGAP1,91,"chr22:41429084-
41637119","chr22:41434800-
41434950",rs9611474,ENCODE,No
DOCK4,90.2,"chr7:110843795-
111092478","chr7:110917580-
110917730",rs13239254,ENCODE,Yes
GNL3,89.9,"chr3:52638482-
52960859","chr3:52642440-
52642590",rs3774365,ENCODE,No
GCA,88.6,"chr2:162796517-
162910223","chr2:162866140-
162866290",rs2909448,ENCODE,Yes
FLII,87.9,"chr17:17760789-
18036283","chr17:17823100-
17823250",rs9890341,ENCODE,Yes
FMR1,85.7,"chrX:147287097-
147480725","chrX:147351240-
147351390",rs59460742,ENCODE,Yes
MLC1,80.7,"chr22:50162136-
50321623","chr22:50309360-
50309510",rs4074304,ENCODE,Yes
CD46,80.6,"chr1:207893266-
208024062","chr1:207981320-
207981470",rs761276,ENCODE,No
GRIN2A,1385,"chr16:9875513-
9971728","chr16:9912515-
9912659",rs11645219,FANTOM5,No
SERPING1,137.5,"chr11:57369008-
57681828","chr11:57371918-
57372022",rs28362950,FANTOM5,No
HLA-DQB1,114.6,"chr6:32014828-
32609061","chr6:32576157-
32576293",rs34811813,FANTOM5,No
,114.6,"chr6:32014828-
32609061","chr6:32590770-
32591146",rs115195925,FANTOM5,No
,114.6,"chr6:32014828-
32609061","chr6:32590770-
32591146",rs115553940,FANTOM5,No
CD46,80.6,"chr1:207893266-
208024062","chr1:207999163-
207999611",rs12132780,FANTOM5,No
SREBF1,388.5,"chr17:17760789-
18036283","chr17:17958402-
17958402",rs8082590,GTEx,Yes
ARNTL,359.6,"chr11:13288698-
13350131","chr11:13288851-
13288851",rs34560638,GTEx,No
CYP2D6,275.3,"chr22:42315790-
42689370","chr22:42315790-
42315790",rs763263,GTEx,No
HLA-DQB1,114.6,"chr6:32014828-
32609061","chr6:32605982-
32605982","chr6:32605982-
32605982",GTEx,No
HLA-DRB1,107.4,"chr6:32014828-
32609061","chr6:32605982-
32605982","chr6:32605982-
32605982",GTEx,No
